City_ID,City,Lat,Lng,Max Temp,Humidity,Cloudiness,Wind Speed,Country,Date
0,port hedland,-20.3167,118.5667,78.85400000000006,57,71,9.26,AU,2022-11-06 20:47:34
1,ilulissat,69.2167,-51.1,-2.8299999999999415,94,39,3.11,GL,2022-11-06 20:44:14
2,puerto ayora,-0.7393,-90.3518,66.542,86,77,2.24,EC,2022-11-06 20:48:35
3,port hardy,50.6996,-127.4199,37.58000000000004,81,75,7.2,CA,2022-11-06 20:45:28
4,port macquarie,-31.4333,152.9167,69.89000000000001,61,71,4.45,AU,2022-11-06 20:45:13
5,bluff,-46.6,168.3333,65.80400000000006,64,90,8.74,NZ,2022-11-06 20:43:49
6,tuktoyaktuk,69.4541,-133.0374,6.800000000000001,78,20,5.66,CA,2022-11-06 20:48:36
7,lebu,-37.6167,-73.65,51.17000000000006,89,34,4.89,CL,2022-11-06 20:48:36
8,yellowknife,62.456,-114.3525,-1.4439999999999742,78,20,3.6,CA,2022-11-06 20:44:01
9,busselton,-33.65,115.3333,68.66600000000001,58,69,4.79,AU,2022-11-06 20:48:36
10,west wendover,40.7391,-114.0733,45.608000000000004,66,100,4.12,US,2022-11-06 20:44:18
11,bambous virieux,-20.3428,57.7575,71.85200000000007,83,40,1.54,MU,2022-11-06 20:48:37
12,hermanus,-34.4187,19.2345,63.806000000000026,81,100,4.83,ZA,2022-11-06 20:43:51
13,severo-kurilsk,50.6789,156.125,36.71600000000001,67,80,12.58,RU,2022-11-06 20:48:37
14,eskisehir,39.7767,30.5206,44.47400000000001,65,0,1.03,TR,2022-11-06 20:45:09
15,rikitea,-23.1203,-134.9692,72.06800000000008,82,100,6.67,PF,2022-11-06 20:47:59
16,mataura,-46.1927,168.8643,65.48000000000005,45,92,3.87,NZ,2022-11-06 20:48:37
17,pangnirtung,66.1451,-65.7125,4.046000000000049,66,0,2.78,CA,2022-11-06 20:48:38
18,ribeira grande,38.5167,-28.7,65.76800000000009,79,100,6.71,PT,2022-11-06 20:48:38
19,ushuaia,-54.8,-68.3,47.858000000000004,87,0,1.54,AR,2022-11-06 20:48:38
20,mbandaka,0.0487,18.2603,69.96200000000006,97,100,1.22,CD,2022-11-06 20:48:39
21,albany,42.6001,-73.9662,68.72000000000006,87,78,3.64,US,2022-11-06 20:48:39
22,ndele,8.4109,20.6473,76.96400000000003,49,86,0.89,CF,2022-11-06 20:48:39
23,dandong,40.1292,124.3947,45.89600000000005,94,100,1.71,CN,2022-11-06 20:48:40
24,kavaratti,10.5669,72.642,80.87000000000006,75,4,1.65,IN,2022-11-06 20:48:40
25,poso,-1.3959,120.7524,87.0260000000001,60,98,1.51,ID,2022-11-06 20:48:40
26,sinnamary,5.3833,-52.95,77.792,87,100,3.21,GF,2022-11-06 20:48:41
27,east london,-33.0153,27.9116,66.66800000000009,80,100,8.15,ZA,2022-11-06 20:45:06
28,nikolskoye,59.7035,30.7861,40.91000000000008,94,95,3.89,RU,2022-11-06 20:48:41
29,mahebourg,-20.4081,57.7,71.88800000000005,83,40,1.54,MU,2022-11-06 20:48:41
30,strezhevoy,60.7333,77.5889,24.998000000000026,84,100,2.35,RU,2022-11-06 20:48:41
31,hobart,-42.8794,147.3294,73.058,62,20,6.17,AU,2022-11-06 20:46:05
32,vaini,-21.2,-175.2,80.76200000000006,69,20,5.14,TO,2022-11-06 20:43:45
33,aguas vermelhas,-15.7472,-41.46,61.772000000000034,88,100,1.26,BR,2022-11-06 20:48:42
34,woodward,36.4337,-99.3904,52.82600000000009,78,0,3.6,US,2022-11-06 20:48:42
35,zhanakorgan,43.9098,67.2495,47.641999999999996,90,100,0.75,KZ,2022-11-06 20:48:42
36,elko,41.0002,-115.5012,50.018000000000086,67,99,2.68,US,2022-11-06 20:45:20
37,pevek,69.7008,170.3133,17.618000000000087,83,100,7.27,RU,2022-11-06 20:48:43
38,dickinson,29.4608,-95.0513,79.12400000000001,91,75,4.12,US,2022-11-06 20:48:43
39,wattegama,6.7989,81.4808,75.38000000000004,82,51,1.8,LK,2022-11-06 20:48:43
40,cherskiy,68.75,161.3,-3.0999999999999517,100,53,1.83,RU,2022-11-06 20:48:43
41,karratha,-20.7377,116.8463,76.892,39,15,7.15,AU,2022-11-06 20:48:44
42,castlewood,39.5847,-104.9011,45.82400000000001,42,100,7.2,US,2022-11-06 20:48:44
43,arsura,46.8133,28.0222,48.72200000000004,88,97,2.76,RO,2022-11-06 20:48:44
44,bubaque,11.2833,-15.8333,82.67000000000006,70,25,2.79,GW,2022-11-06 20:48:44
45,jamestown,42.097,-79.2353,57.72200000000004,79,75,3.09,US,2022-11-06 20:44:14
46,mestia,43.0458,42.7278,29.804000000000052,39,2,2.19,GE,2022-11-06 20:48:45
47,salalah,17.0151,54.0924,77.09000000000002,73,0,2.06,OM,2022-11-06 20:48:45
48,bath,51.3779,-2.3591,54.23000000000004,91,100,6.6,GB,2022-11-06 20:45:05
49,sorong,-0.8833,131.25,83.08399999999999,75,100,0.53,ID,2022-11-06 20:48:45
50,seymchan,62.8833,152.4333,-2.703999999999951,97,98,0.6,RU,2022-11-06 20:48:46
51,narsaq,60.9167,-46.05,34.016000000000005,97,98,0.92,GL,2022-11-06 20:48:46
52,geraldton,-28.7667,114.6,68.41400000000003,49,40,6.17,AU,2022-11-06 20:44:53
53,butaritari,3.0707,172.7902,79.55600000000003,76,37,2.89,KI,2022-11-06 20:48:46
54,erzin,36.9559,36.2,66.79400000000007,42,73,0.72,TR,2022-11-06 20:48:47
55,brigantine,39.4101,-74.3646,67.02800000000006,92,0,3.6,US,2022-11-06 20:44:40
56,bengkulu,-3.8004,102.2655,79.86200000000005,75,100,1.57,ID,2022-11-06 20:44:11
57,yeniseysk,58.4497,92.1703,28.508000000000003,89,100,4.65,RU,2022-11-06 20:48:47
58,ouallam,14.3188,2.0866,74.13800000000005,14,0,4.71,NE,2022-11-06 20:48:47
59,mahanoro,-19.9,48.8,69.47600000000008,90,100,2.28,MG,2022-11-06 20:48:48
60,arraial do cabo,-22.9661,-42.0278,69.0260000000001,68,25,2.33,BR,2022-11-06 20:46:14
61,krasnoselkup,65.7,82.4667,16.55600000000003,96,100,2.93,RU,2022-11-06 20:48:48
62,cape town,-33.9258,18.4232,64.11200000000005,87,75,5.14,ZA,2022-11-06 20:44:26
63,kimbe,-5.5502,150.1429,87.51200000000006,66,96,2.98,PG,2022-11-06 20:48:48
64,esperance,-33.8667,121.9,57.038000000000046,79,100,7.86,AU,2022-11-06 20:45:12
65,hilo,19.7297,-155.09,80.33000000000004,80,40,3.6,US,2022-11-06 20:46:38
66,isangel,-19.55,169.2667,82.50800000000001,89,75,1.54,VU,2022-11-06 20:45:16
67,yantal,56.8471,105.2542,34.898000000000025,91,100,3.88,RU,2022-11-06 20:48:49
68,mackay,-21.15,149.2,78.674,58,13,8.01,AU,2022-11-06 20:48:49
69,tuy hoa,13.0833,109.3,78.31400000000004,82,100,4.54,VN,2022-11-06 20:48:49
70,kapaa,22.0752,-159.319,82.38200000000002,78,40,6.17,US,2022-11-06 20:48:50
71,victoria,22.2855,114.1577,70.32200000000003,89,83,2.24,HK,2022-11-06 20:48:42
72,avarua,-21.2078,-159.775,77.05400000000006,65,40,3.6,CK,2022-11-06 20:48:50
73,punta arenas,-53.15,-70.9167,57.30800000000001,58,0,3.6,CL,2022-11-06 20:44:56
74,georgetown,5.4112,100.3354,83.22800000000007,82,40,4.12,MY,2022-11-06 20:46:51
75,kodiak,57.79,-152.4072,35.11400000000003,48,0,1.54,US,2022-11-06 20:48:50
76,tasiilaq,65.6145,-37.6368,32.162000000000056,75,100,2.16,GL,2022-11-06 20:44:10
77,barrow,71.2906,-156.7887,21.218000000000085,93,100,9.26,US,2022-11-06 20:48:50
78,grindavik,63.8424,-22.4338,39.668000000000085,87,0,2.06,IS,2022-11-06 20:48:51
79,coquimbo,-29.9533,-71.3436,58.73000000000004,82,40,1.54,CL,2022-11-06 20:48:51
80,tautira,-17.7333,-149.15,75.68600000000006,86,100,10.39,PF,2022-11-06 20:48:51
81,bethel,41.3712,-73.414,68.09000000000002,83,40,4.63,US,2022-11-06 20:48:52
82,san cristobal,7.7669,-72.225,75.38000000000004,99,100,1.01,VE,2022-11-06 20:48:52
83,abu kamal,34.4506,40.9171,64.4,35,1,2.88,SY,2022-11-06 20:48:52
84,hithadhoo,-0.6,73.0833,81.42800000000007,76,46,5.63,MV,2022-11-06 20:48:53
85,manitouwadge,49.1215,-85.8403,36.75200000000008,82,82,6.42,CA,2022-11-06 20:48:53
86,port elizabeth,-33.918,25.5701,66.092,91,0,7.72,ZA,2022-11-06 20:44:02
87,new norfolk,-42.7826,147.0587,72.71600000000001,36,43,0.89,AU,2022-11-06 20:44:12
88,chokurdakh,70.6333,147.9167,5.054000000000052,93,100,8.11,RU,2022-11-06 20:48:53
89,dikson,73.5069,80.5464,7.430000000000042,92,100,3.64,RU,2022-11-06 20:48:53
90,kautokeino,69.0125,23.0412,23.162000000000056,89,44,2.4,NO,2022-11-06 20:48:54
91,saskylakh,71.9167,114.0833,-23.76399999999999,100,50,1.21,RU,2022-11-06 20:48:54
92,leningradskiy,69.3833,178.4167,15.638000000000044,80,1,3.94,RU,2022-11-06 20:48:54
93,odessa,46.4775,30.7326,46.47200000000004,78,73,5.15,UA,2022-11-06 20:37:20
94,castelo do piaui,-5.3222,-41.5525,77.27000000000007,76,100,0.85,BR,2022-11-06 20:48:55
95,grong,64.4654,12.3149,34.88000000000004,94,8,0.94,NO,2022-11-06 20:48:55
96,alofi,-19.0595,-169.9187,80.49199999999999,61,3,6.17,NU,2022-11-06 20:48:55
97,port blair,11.6667,92.75,82.43600000000006,78,75,2.57,IN,2022-11-06 20:48:56
98,itaituba,-4.2761,-55.9836,76.01000000000008,88,88,0.69,BR,2022-11-06 20:48:56
99,atuona,-9.8,-139.0333,77.03600000000007,68,67,5.18,PF,2022-11-06 20:48:56
100,san quintin,30.4833,-115.95,63.42800000000007,81,58,3.75,MX,2022-11-06 20:48:57
101,grootfontein,-19.5667,18.1167,62.168000000000085,67,9,3.6,NA,2022-11-06 20:48:57
102,qaanaaq,77.484,-69.3632,-1.7139999999999844,92,100,3.48,GL,2022-11-06 20:48:57
103,progreso,21.2833,-89.6667,79.10600000000002,72,5,5.62,MX,2022-11-06 20:48:57
104,qui nhon,13.7667,109.2333,77.75600000000003,82,100,5.35,VN,2022-11-06 20:48:58
105,tateyama,34.9833,139.8667,60.09800000000003,71,100,3.34,JP,2022-11-06 20:48:58
106,ponta do sol,32.6667,-17.1,68.72000000000006,87,28,0.65,PT,2022-11-06 20:48:58
107,chicama,-7.8447,-79.1469,61.34000000000002,82,17,2.14,PE,2022-11-06 20:48:59
108,muros,42.7762,-9.0603,61.088000000000044,70,99,7.35,ES,2022-11-06 20:48:59
109,lokomotivnyy,53.0118,60.5684,21.182000000000016,89,86,3.1,RU,2022-11-06 20:48:59
110,lorengau,-2.0226,147.2712,83.89400000000008,75,83,2.77,PG,2022-11-06 20:49:00
111,paarl,-33.7338,18.9752,62.024000000000015,78,100,1.28,ZA,2022-11-06 20:49:00
112,tiksi,71.6872,128.8694,0.8420000000000485,93,100,9.27,RU,2022-11-06 20:46:36
113,palatka,29.6486,-81.6376,76.98200000000001,83,28,0.45,US,2022-11-06 20:49:00
114,casino,-28.8667,153.05,73.77800000000006,62,59,3.3,AU,2022-11-06 20:49:01
115,saint-philippe,-21.3585,55.7679,69.38600000000007,82,47,4.28,RE,2022-11-06 20:49:01
116,deniliquin,-35.5333,144.9667,74.642,50,64,2.28,AU,2022-11-06 20:49:01
117,leamington,42.0549,-82.6062,59.07200000000004,72,0,6.26,CA,2022-11-06 20:49:02
118,libourne,44.9167,-0.25,54.104000000000056,94,54,3.17,FR,2022-11-06 20:49:02
119,maroantsetra,-15.4333,49.7333,70.34000000000002,89,18,1.18,MG,2022-11-06 20:49:03
120,villeneuve-sur-lot,44.5,0.6667,50.72000000000006,93,0,2.07,FR,2022-11-06 20:49:05
121,birao,10.2849,22.7882,73.07600000000009,35,3,2.36,CF,2022-11-06 20:49:05
122,carnarvon,-24.8667,113.6333,69.27800000000006,61,66,7.21,AU,2022-11-06 20:49:06
123,comodoro rivadavia,-45.8667,-67.5,66.05600000000003,37,0,1.54,AR,2022-11-06 20:44:25
124,longyearbyen,78.2186,15.6401,30.038000000000046,80,75,5.14,SJ,2022-11-06 20:44:42
125,mount gambier,-37.8333,140.7667,76.13600000000007,42,6,1.29,AU,2022-11-06 20:49:06
126,cabo san lucas,22.8909,-109.9124,76.29800000000003,70,0,3.13,MX,2022-11-06 20:46:09
127,shaunavon,49.6501,-108.4181,6.5839999999999925,97,92,2.64,CA,2022-11-06 20:49:07
128,port alfred,-33.5906,26.891,66.18200000000002,84,100,3.13,ZA,2022-11-06 20:49:07
129,huilong,31.8111,121.655,65.93000000000004,61,0,5.13,CN,2022-11-06 20:49:07
130,lavrentiya,65.5833,-171.0,33.76400000000003,99,100,4.77,RU,2022-11-06 20:49:08
131,dingle,10.9995,122.6711,85.22600000000008,73,98,3.98,PH,2022-11-06 20:49:08
132,tonantins,-2.8731,-67.8022,77.36000000000008,76,100,0.1,BR,2022-11-06 20:49:09
133,valle hermoso,25.6667,-97.8333,80.45600000000003,82,2,4.84,MX,2022-11-06 20:49:09
134,surt,31.2089,16.5887,68.70200000000008,62,10,5.91,LY,2022-11-06 20:49:09
135,chuy,-33.6971,-53.4616,58.208000000000006,87,0,4.17,UY,2022-11-06 20:49:10
136,aklavik,68.2191,-135.0107,-5.83599999999997,89,4,3.01,CA,2022-11-06 20:49:10
137,saldanha,-33.0117,17.9442,61.772000000000034,93,100,3.65,ZA,2022-11-06 20:49:10
138,thompson,55.7435,-97.8558,12.362000000000059,85,100,4.63,CA,2022-11-06 20:49:04
139,baft,29.234,56.6057,44.708000000000006,48,0,0.63,IR,2022-11-06 20:49:11
140,zhigansk,66.7697,123.3711,-14.007999999999953,94,100,1.06,RU,2022-11-06 20:46:04
141,lobong,16.0815,120.4704,84.27200000000003,70,12,2.41,PH,2022-11-06 20:49:11
142,ambunti,-4.2365,142.8448,93.542,51,36,0.7,PG,2022-11-06 20:49:11
143,fairbanks,64.8378,-147.7164,5.594000000000072,83,20,0.0,US,2022-11-06 20:47:39
144,hua hin,12.5707,99.9588,81.89600000000004,99,20,0.0,TH,2022-11-06 20:49:12
145,pasni,25.2631,63.471,77.14400000000008,78,2,3.67,PK,2022-11-06 20:44:25
146,luena,-11.7833,19.9167,62.041999999999994,97,100,1.28,AO,2022-11-06 20:49:13
147,henties bay,-22.116,14.2845,63.518000000000086,78,100,3.35,NA,2022-11-06 20:49:13
148,kaitangata,-46.2817,169.8464,66.93800000000005,43,27,3.72,NZ,2022-11-06 20:49:13
149,ravar,31.2656,56.8055,57.272000000000034,37,0,0.45,IR,2022-11-06 20:49:14
150,hinton,53.4001,-117.5857,2.768000000000086,97,100,1.92,CA,2022-11-06 20:49:14
151,souillac,-20.5167,57.5167,71.97800000000007,83,40,1.54,MU,2022-11-06 20:49:14
152,aasiaat,68.7098,-52.8699,10.112000000000059,98,100,2.25,GL,2022-11-06 20:49:16
153,laguna,38.421,-121.4238,59.39600000000005,56,75,4.63,US,2022-11-06 20:49:16
154,taltal,-25.4,-70.4833,61.30400000000005,78,17,1.99,CL,2022-11-06 20:47:09
155,mazagao,-0.115,-51.2894,78.85400000000006,93,100,1.14,BR,2022-11-06 20:49:16
156,cozumel,20.5083,-86.9458,80.07800000000006,78,20,2.24,MX,2022-11-06 20:44:22
157,gat,31.61,34.7642,67.40600000000003,100,1,0.42,IL,2022-11-06 20:49:17
158,blagoyevo,63.3667,47.9167,28.094000000000072,96,100,3.33,RU,2022-11-06 20:49:17
159,fort nelson,58.8053,-122.7002,0.9860000000000184,100,75,1.54,CA,2022-11-06 20:46:40
160,husavik,66.0449,-17.3389,38.641999999999996,97,100,2.77,IS,2022-11-06 20:49:18
161,mar del plata,-38.0023,-57.5575,63.08600000000007,89,0,8.49,AR,2022-11-06 20:49:18
162,miedzyrzecz,52.4446,15.578,41.68399999999999,71,100,4.09,PL,2022-11-06 20:49:18
163,ambovombe,-25.1667,46.0833,70.934,89,99,1.39,MG,2022-11-06 20:49:19
164,angoche,-16.2325,39.9086,73.54400000000007,87,58,3.93,MZ,2022-11-06 20:49:19
165,arcachon,44.5875,-1.0519,53.924000000000014,100,0,2.57,FR,2022-11-06 20:49:19
166,leopoldshohe,52.0125,8.6983,51.872000000000035,80,58,6.68,DE,2022-11-06 20:49:20
167,amuntai,-2.4177,115.2494,80.24000000000002,85,100,1.52,ID,2022-11-06 20:49:20
168,ancud,-41.8697,-73.8203,48.90200000000008,87,9,1.57,CL,2022-11-06 20:49:21
169,clyde river,70.4692,-68.5914,-0.16599999999995418,60,0,3.09,CA,2022-11-06 20:45:19
170,margate,51.3813,1.3862,54.30200000000008,87,74,2.68,GB,2022-11-06 20:49:21
171,khatanga,71.9667,102.5,-9.579999999999941,95,91,2.31,RU,2022-11-06 20:49:22
172,bredasdorp,-34.5322,20.0403,63.95,85,100,1.34,ZA,2022-11-06 20:49:22
173,makakilo city,21.3469,-158.0858,84.52400000000002,56,20,7.2,US,2022-11-06 20:49:22
174,burnie,-41.0667,145.9167,63.95,72,38,2.91,AU,2022-11-06 20:49:23
175,camacha,33.0833,-16.3333,63.82400000000001,82,40,1.54,PT,2022-11-06 20:49:23
176,talcahuano,-36.7167,-73.1167,55.07600000000009,82,0,5.66,CL,2022-11-06 20:49:23
177,castro,-24.7911,-50.0119,47.82200000000004,98,3,2.32,BR,2022-11-06 20:48:25
178,khani,41.9563,42.9566,44.168000000000085,82,80,2.73,GE,2022-11-06 20:49:24
179,yumen,40.2833,97.2,36.733999999999995,36,7,5.03,CN,2022-11-06 20:49:24
180,lagoa,39.05,-27.9833,64.61600000000001,78,100,12.72,PT,2022-11-06 20:49:24
181,yatou,37.15,122.3833,60.62000000000006,62,88,4.8,CN,2022-11-06 20:49:25
182,kavieng,-2.5744,150.7967,85.46000000000008,66,100,3.22,PG,2022-11-06 20:49:25
183,itaporanga,-7.3044,-38.1503,77.77400000000002,70,100,5.19,BR,2022-11-06 20:49:26
184,atambua,-9.1061,124.8925,85.91000000000008,55,100,1.2,ID,2022-11-06 20:49:26
185,ubata,-14.2139,-39.5228,67.71200000000006,83,98,1.01,BR,2022-11-06 20:49:26
186,provideniya,64.3833,-173.3,35.708000000000006,100,100,7.15,RU,2022-11-06 20:49:26
187,mushie,-3.0167,16.9,69.674,95,99,1.24,CD,2022-11-06 20:49:27
188,talara,-4.5772,-81.2719,63.35600000000003,82,0,5.14,PE,2022-11-06 20:49:27
189,nerchinskiy zavod,51.3088,119.61,17.438000000000045,82,61,1.82,RU,2022-11-06 20:49:28
190,nipawin,53.3668,-104.0009,19.43600000000007,79,100,7.72,CA,2022-11-06 20:49:28
191,meadow lake,34.8014,-106.5436,59.48600000000007,29,11,2.59,US,2022-11-06 20:49:28
192,la paz,-16.5,-68.15,49.98200000000001,53,40,3.6,BO,2022-11-06 20:45:03
193,mutsu,41.2894,141.2169,50.648000000000025,60,100,1.79,JP,2022-11-06 20:49:03
194,mul,20.0667,79.6667,69.22400000000002,71,38,0.61,IN,2022-11-06 20:49:29
195,chateaubelair,13.2833,-61.25,78.15200000000007,82,41,4.02,VC,2022-11-06 20:49:29
196,hovd,48.0056,91.6419,34.483999999999995,56,91,2.9,MN,2022-11-06 20:49:29
197,evensk,61.95,159.2333,28.291999999999994,94,100,2.75,RU,2022-11-06 20:49:30
198,tari,12.4086,4.4914,72.10400000000006,19,79,3.23,NG,2022-11-06 20:49:30
199,dzerzhinskoye,56.8344,95.2283,29.696000000000048,67,99,5.63,RU,2022-11-06 20:49:31
200,lata,40.1629,-8.3327,54.06800000000008,96,90,0.97,PT,2022-11-06 20:49:31
201,belogorsk,50.9158,128.4611,30.14600000000005,57,10,3.45,RU,2022-11-06 20:49:31
202,norman wells,65.282,-126.8329,3.236000000000068,85,20,2.06,CA,2022-11-06 20:49:31
203,te anau,-45.4167,167.7167,57.43399999999999,62,85,3.55,NZ,2022-11-06 20:49:32
204,lasa,46.6166,10.7002,36.35600000000003,51,55,1.47,IT,2022-11-06 20:44:49
205,yuryevets,57.3201,43.1041,32.05400000000005,84,100,6.05,RU,2022-11-06 20:49:32
206,grand gaube,-20.0064,57.6608,71.99600000000005,76,13,0.89,MU,2022-11-06 20:49:33
207,torbay,47.6666,-52.7314,54.75200000000008,97,100,6.17,CA,2022-11-06 20:44:40
208,praia da vitoria,38.7333,-27.0667,64.76000000000008,82,20,6.56,PT,2022-11-06 20:49:33
209,jalu,29.0331,21.5482,62.258,49,0,3.95,LY,2022-11-06 20:49:33
210,ostrovnoy,68.0531,39.5131,32.86400000000003,95,100,7.7,RU,2022-11-06 20:49:34
211,kutum,14.2,24.6667,65.58800000000005,29,1,2.8,SD,2022-11-06 20:49:34
212,bourail,-21.5667,165.4833,80.29400000000007,73,69,5.06,NC,2022-11-06 20:46:22
213,puerto escondido,15.85,-97.0667,81.35600000000002,83,19,1.29,MX,2022-11-06 20:49:34
214,belmonte,-15.8631,-38.8828,72.03200000000001,76,81,4.79,BR,2022-11-06 20:49:35
215,sabang,5.8933,95.3214,80.16800000000009,78,93,2.88,ID,2022-11-06 20:45:32
216,vangaindrano,-23.35,47.6,71.38399999999999,90,100,2.69,MG,2022-11-06 20:49:35
217,kyzyl-suu,42.3414,78.0056,40.208000000000006,72,94,1.93,KG,2022-11-06 20:49:35
218,umkomaas,-30.2067,30.7978,69.674,86,99,2.48,ZA,2022-11-06 20:49:36
219,esqueda,30.7167,-109.5833,59.55800000000001,32,0,2.61,MX,2022-11-06 20:49:36
220,ballangen,68.3428,16.8315,34.016000000000005,75,0,2.06,NO,2022-11-06 20:49:36
221,nesbyen,60.5681,9.1027,41.360000000000085,95,100,0.45,NO,2022-11-06 20:49:37
222,timra,62.487,17.3257,42.674000000000014,100,100,0.0,SE,2022-11-06 20:49:37
223,asau,46.4333,26.4,49.280000000000044,92,86,1.31,RO,2022-11-06 20:46:43
224,novyy urengoy,66.0833,76.6333,16.196000000000048,96,96,2.83,RU,2022-11-06 20:49:37
225,kushima,31.4583,131.2333,70.91600000000001,59,99,0.49,JP,2022-11-06 20:49:38
226,anori,-3.7728,-61.6442,76.82000000000006,80,19,1.17,BR,2022-11-06 20:49:38
227,biak,-0.9131,122.8766,83.69600000000005,68,100,2.16,ID,2022-11-06 20:49:38
228,xining,36.6167,101.7667,39.74000000000002,53,91,0.38,CN,2022-11-06 20:47:39
229,mahibadhoo,3.7833,72.9667,81.19400000000007,78,10,4.88,MV,2022-11-06 20:49:39
230,ha tinh,18.3333,105.9,71.87000000000006,82,79,2.31,VN,2022-11-06 20:49:39
231,mogzon,51.7435,111.9606,24.674000000000014,73,100,1.52,RU,2022-11-06 20:49:39
232,nabire,-3.3667,135.4833,86.57600000000009,65,28,2.22,ID,2022-11-06 20:49:40
233,hofn,64.2539,-15.2082,40.94600000000005,89,100,6.34,IS,2022-11-06 20:49:40
234,morehead,37.2711,-87.1764,58.85600000000003,66,0,0.0,US,2022-11-06 20:49:40
235,aykino,62.2248,49.9922,24.15200000000008,96,100,2.62,RU,2022-11-06 20:49:41
236,yabelo,4.8833,38.0833,56.444000000000074,87,92,2.84,ET,2022-11-06 20:49:41
237,hokitika,-42.7167,170.9667,56.55200000000008,67,100,1.91,NZ,2022-11-06 20:49:41
238,jiuquan,39.7432,98.5174,39.812000000000054,32,8,1.25,CN,2022-11-06 20:49:41
239,cayenne,4.9333,-52.3333,77.03600000000007,94,100,3.09,GF,2022-11-06 20:49:42
240,muisne,0.6,-80.0333,73.65200000000007,81,100,2.07,EC,2022-11-06 20:49:42
241,riyadh,24.6877,46.7219,66.34400000000008,32,14,2.81,SA,2022-11-06 20:49:42
242,faanui,-16.4833,-151.75,77.64800000000002,80,100,8.84,PF,2022-11-06 20:49:43
243,buin,-33.7333,-70.75,70.43000000000004,74,85,0.88,CL,2022-11-06 20:49:43
244,vao,-22.6667,167.4833,75.59600000000005,82,93,7.75,NC,2022-11-06 20:49:43
245,wuda,39.4994,106.7117,42.96200000000006,28,0,4.55,CN,2022-11-06 20:49:44
246,beyneu,45.3167,55.2,35.06000000000008,73,99,7.63,KZ,2022-11-06 20:49:44
247,constitucion,-35.3333,-72.4167,51.65600000000003,90,84,5.2,CL,2022-11-06 20:49:44
248,guaiba,-30.1139,-51.325,63.28399999999999,82,0,4.12,BR,2022-11-06 20:49:44
249,trat,12.5,102.5,83.87600000000009,79,100,2.32,TH,2022-11-06 20:49:45
250,saint george,37.1041,-113.5841,63.194000000000074,38,0,1.79,US,2022-11-06 20:49:45
251,tura,25.5198,90.2201,71.13200000000002,78,0,0.83,IN,2022-11-06 20:45:08
252,los llanos de aridane,28.6585,-17.9182,67.74800000000002,87,100,3.09,ES,2022-11-06 20:49:45
253,antofagasta,-23.65,-70.4,60.08000000000004,83,56,2.67,CL,2022-11-06 20:49:46
254,ust-kuyga,70.0167,135.6,3.902000000000079,96,100,3.15,RU,2022-11-06 20:49:46
255,sao filipe,14.8961,-24.4956,77.88200000000002,68,0,1.97,CV,2022-11-06 20:49:46
256,ambilobe,-13.2,49.05,69.74600000000005,87,0,1.67,MG,2022-11-06 20:46:15
257,kattivakkam,13.2167,80.3167,78.89000000000001,76,100,5.28,IN,2022-11-06 20:49:47
258,vestmannaeyjar,63.4427,-20.2734,42.49400000000007,65,35,3.87,IS,2022-11-06 20:49:47
259,mabaruma,8.2,-59.7833,75.03800000000004,90,43,1.13,GY,2022-11-06 20:49:47
260,moctezuma,29.8,-109.6667,65.71400000000003,31,0,0.67,MX,2022-11-06 20:49:48
261,marshall,34.3834,-86.3333,69.54800000000003,87,75,0.0,US,2022-11-06 20:49:48
262,verkhoyansk,67.5447,133.385,-0.09399999999997277,96,100,2.0,RU,2022-11-06 20:49:48
263,sitka,57.0531,-135.33,33.69199999999999,27,20,5.66,US,2022-11-06 20:49:48
264,sola,-13.8833,167.55,81.266,83,14,0.0,VU,2022-11-06 20:49:49
265,spanish town,17.9911,-76.9574,80.22200000000004,79,75,5.14,JM,2022-11-06 20:49:49
266,katsuura,35.1333,140.3,61.91600000000001,64,100,1.86,JP,2022-11-06 20:49:49
267,katobu,-4.9408,122.5276,84.308,72,100,0.68,ID,2022-11-06 20:49:50
268,bardsir,29.9227,56.5743,48.29000000000002,40,0,1.99,IR,2022-11-06 20:49:50
269,moerai,-22.4333,-151.3333,73.32800000000006,84,100,8.43,PF,2022-11-06 20:49:50
270,hasaki,35.7333,140.8333,66.29000000000002,53,100,4.22,JP,2022-11-06 20:49:51
271,champerico,14.3,-91.9167,80.02400000000002,81,100,1.47,GT,2022-11-06 20:49:51
272,namatanai,-3.6667,152.4333,84.63200000000002,70,100,2.63,PG,2022-11-06 20:49:51
273,korla,41.7597,86.1469,48.812000000000054,39,68,1.57,CN,2022-11-06 20:49:51
274,priargunsk,50.3691,119.1012,21.74000000000002,80,24,1.59,RU,2022-11-06 20:49:52
275,sakakah,29.9697,40.2064,60.36800000000009,45,97,2.5,SA,2022-11-06 20:49:52
276,fortuna,40.5982,-124.1573,49.352000000000075,93,100,0.45,US,2022-11-06 20:45:41
277,plettenberg bay,-34.0527,23.3716,66.32600000000009,80,100,1.65,ZA,2022-11-06 20:49:52
278,codrington,-38.2667,141.9667,71.69000000000003,60,6,1.81,AU,2022-11-06 20:46:11
279,lapeer,43.0514,-83.3188,57.92000000000006,44,0,3.6,US,2022-11-06 20:49:51
280,hun,29.1268,15.9477,57.84800000000003,66,0,2.47,LY,2022-11-06 20:49:53
281,shaturtorf,55.5672,39.4169,32.75600000000003,85,100,3.74,RU,2022-11-06 20:49:53
282,samana,19.2056,-69.3369,73.49000000000002,91,24,2.22,DO,2022-11-06 20:49:53
283,pozo colorado,-23.4923,-58.7972,69.15200000000007,55,15,2.85,PY,2022-11-06 20:49:54
284,nanortalik,60.1432,-45.2371,31.35200000000008,89,87,1.26,GL,2022-11-06 20:49:54
285,sandakan,5.8402,118.1179,83.87600000000009,79,20,2.24,MY,2022-11-06 20:49:54
286,guerrero negro,27.9769,-114.0611,65.01200000000006,76,45,5.0,MX,2022-11-06 20:49:54
287,degtyarsk,56.704,60.0879,28.72400000000001,93,100,3.93,RU,2022-11-06 20:49:55
288,zaraza,9.3503,-65.3245,78.06200000000005,69,72,1.19,VE,2022-11-06 20:49:55
289,ipixuna,-1.7625,-48.8043,73.32800000000006,97,100,1.19,BR,2022-11-06 20:49:55
290,phangnga,8.4509,98.5298,80.63600000000007,84,100,2.16,TH,2022-11-06 20:49:56
291,dillon,34.4166,-79.3712,71.11400000000003,82,19,2.79,US,2022-11-06 20:49:56
292,aykhal,66.0,111.5,-7.9599999999999795,100,100,2.71,RU,2022-11-06 20:49:56
293,bara,10.3744,10.7288,71.67200000000004,28,79,2.89,NG,2022-11-06 20:49:57
294,palmas de monte alto,-14.2672,-43.1619,73.23800000000004,57,100,5.81,BR,2022-11-06 20:49:57
295,natal,-5.795,-35.2094,79.44800000000002,73,75,5.14,BR,2022-11-06 20:46:06
296,dalbandin,28.8947,64.4101,61.628000000000064,56,28,3.21,PK,2022-11-06 20:49:57
297,vilyuysk,63.7553,121.6247,-14.09799999999997,95,22,1.65,RU,2022-11-06 20:49:57
298,bogale,16.2833,95.4,77.32400000000001,79,61,3.19,MM,2022-11-06 20:49:58
299,vila,42.0304,-8.1588,47.28200000000002,92,10,2.2,PT,2022-11-06 20:49:58
300,puerto ayacucho,5.6639,-67.6236,79.10600000000002,76,79,1.11,VE,2022-11-06 20:49:58
301,hambantota,6.1241,81.1185,71.942,100,20,0.51,LK,2022-11-06 20:49:59
302,faya,18.3851,42.4509,53.708000000000006,91,10,1.17,SA,2022-11-06 20:49:59
303,xiaolingwei,32.0333,118.85,58.98200000000001,48,0,1.0,CN,2022-11-06 20:49:59
304,machiques,10.0644,-72.545,75.48800000000004,86,100,1.58,VE,2022-11-06 20:49:59
305,hamilton,39.1834,-84.5333,62.096000000000046,57,0,2.57,US,2022-11-06 20:49:54
306,sokolo,14.7328,-6.1219,80.31200000000005,24,2,3.39,ML,2022-11-06 20:50:00
307,ludhiana,30.9,75.85,73.02200000000003,81,85,2.31,IN,2022-11-06 20:50:00
308,tecoanapa,16.5167,-98.75,80.942,81,2,2.3,MX,2022-11-06 20:50:01
309,coffs harbour,-30.3,153.1333,71.56400000000004,64,75,4.63,AU,2022-11-06 20:50:01
310,madras,13.0878,80.2785,78.78200000000001,89,75,1.03,IN,2022-11-06 20:47:15
311,jandayan,10.1667,124.1833,86.05400000000006,70,94,2.32,PH,2022-11-06 20:50:01
312,yarkovo,57.4028,67.0786,18.464000000000034,94,99,1.69,RU,2022-11-06 20:50:02
313,seoul,37.5683,126.9778,53.168000000000085,58,0,2.57,KR,2022-11-06 20:41:13
314,zhanaozen,43.3,52.8,34.93399999999999,78,13,5.67,KZ,2022-11-06 20:50:02
315,tessalit,20.1986,1.0114,71.20400000000005,16,0,2.57,ML,2022-11-06 20:50:02
316,guozhen,34.3659,107.359,59.233999999999995,67,21,1.61,CN,2022-11-06 20:50:03
317,kodinsk,58.6881,99.1844,29.03000000000004,82,89,5.56,RU,2022-11-06 20:50:03
318,manokwari,-0.8667,134.0833,84.32600000000009,68,53,1.94,ID,2022-11-06 20:50:03
319,tynda,55.1667,124.7167,14.12600000000009,88,80,0.91,RU,2022-11-06 20:50:04
320,rio gallegos,-51.6226,-69.2181,59.05400000000005,51,0,3.09,AR,2022-11-06 20:50:04
321,caravelas,-17.7125,-39.2481,71.74400000000007,68,98,3.46,BR,2022-11-06 20:50:04
322,boralday,43.3578,76.8594,42.65600000000003,93,100,1.0,KZ,2022-11-06 20:50:05
323,impfondo,1.6381,18.0667,69.44000000000003,98,99,0.39,CG,2022-11-06 20:50:05
324,barinas,8.6226,-70.2075,72.21200000000006,94,100,1.56,VE,2022-11-06 20:50:06
325,camacupa,-12.0167,17.4833,60.63800000000005,95,94,1.48,AO,2022-11-06 20:50:06
326,clara,53.3425,-7.6139,50.39600000000005,88,100,6.75,IE,2022-11-06 20:50:06
327,ixtapa,20.7,-105.2,70.66400000000003,94,24,0.74,MX,2022-11-06 20:50:07
328,klaksvik,62.2266,-6.589,49.11800000000009,90,100,13.5,FO,2022-11-06 20:46:26
329,weinan,34.5036,109.5089,61.39400000000008,28,99,3.46,CN,2022-11-06 20:50:07
330,shirokiy,49.758,129.523,29.51600000000001,69,5,2.54,RU,2022-11-06 20:50:07
331,santa maria,-29.6842,-53.8069,63.69800000000002,68,0,7.2,BR,2022-11-06 20:46:14
332,eyemouth,55.8713,-2.0901,46.23800000000004,87,29,5.57,GB,2022-11-06 20:50:08
333,kurtamysh,54.9103,64.4319,17.941999999999997,97,77,2.83,RU,2022-11-06 20:50:08
334,ridgecrest,35.6225,-117.6709,64.02200000000003,48,1,4.47,US,2022-11-06 20:49:11
335,lyubytino,58.8122,33.3922,35.096000000000046,98,100,2.67,RU,2022-11-06 20:50:09
336,tezu,27.9167,96.1667,71.816,42,0,0.25,IN,2022-11-06 20:50:09
337,la macarena,2.1837,-73.7849,72.82400000000001,86,54,0.88,CO,2022-11-06 20:50:09
338,barabai,-2.5833,115.3833,81.06800000000008,84,100,1.26,ID,2022-11-06 20:50:10
339,mareeba,-17.0,145.4333,88.44800000000002,55,4,3.26,AU,2022-11-06 20:50:10
340,sal rei,16.1833,-22.9167,77.46800000000009,71,0,4.45,CV,2022-11-06 20:50:10
341,kununurra,-15.7667,128.7333,96.78200000000001,38,18,2.57,AU,2022-11-06 20:50:11
342,zhezkazgan,47.8043,67.7144,24.782000000000018,93,20,3.0,KZ,2022-11-06 20:50:11
343,saint anthony,45.0205,-93.218,43.754000000000055,43,0,13.38,US,2022-11-06 20:45:24
344,tula,54.2044,37.6111,38.588000000000044,80,100,4.35,RU,2022-11-06 20:49:09
345,dhidhdhoo,6.8833,73.1,80.72600000000008,68,7,1.65,MV,2022-11-06 20:50:12
346,el dorado,38.7666,-120.5177,47.55200000000008,98,100,3.64,US,2022-11-06 20:50:12
347,otofuke,42.9917,143.2003,45.55400000000005,51,45,3.95,JP,2022-11-06 20:50:12
348,koronowo,53.3137,17.937,39.48800000000004,99,100,3.64,PL,2022-11-06 20:50:13
349,nelson bay,-32.7167,152.15,73.11200000000005,60,13,7.15,AU,2022-11-06 20:50:13
350,punta alta,-38.8759,-62.0736,66.92000000000006,44,85,5.28,AR,2022-11-06 20:50:13
351,cornelio procopio,-23.1811,-50.6467,58.17200000000004,71,0,5.01,BR,2022-11-06 20:50:14
352,saint-pierre,-21.3393,55.4781,69.47600000000008,68,0,3.09,RE,2022-11-06 20:45:44
353,egvekinot,66.3167,-179.1667,17.582000000000015,100,90,1.46,RU,2022-11-06 20:49:57
354,half moon bay,37.4636,-122.4286,59.41400000000003,74,100,4.12,US,2022-11-06 20:50:14
355,jutai,-5.1833,-68.9,73.67000000000006,77,39,1.12,BR,2022-11-06 20:50:14
356,ambatondrazaka,-17.8333,48.4167,59.88200000000002,92,48,1.2,MG,2022-11-06 20:50:15
357,dedovichi,57.5517,29.9502,35.041999999999994,96,51,3.24,RU,2022-11-06 20:50:15
358,visby,57.6409,18.296,50.82800000000007,87,100,7.2,SE,2022-11-06 20:50:15
359,ugoofaaru,5.6667,73.0,80.47400000000002,75,80,2.15,MV,2022-11-06 20:50:15
360,mena,51.5217,32.2157,39.50600000000003,80,100,4.08,UA,2022-11-06 20:50:16
361,salmas,38.1973,44.7653,43.592,51,0,1.1,IR,2022-11-06 20:50:16
362,shambu,9.5667,37.1,48.56000000000008,61,59,1.39,ET,2022-11-06 20:50:16
363,huarmey,-10.0681,-78.1522,63.91400000000003,84,24,3.69,PE,2022-11-06 20:50:17
364,port-gentil,-0.7193,8.7815,76.60400000000006,85,100,2.91,GA,2022-11-06 20:50:17
365,namibe,-15.1961,12.1522,67.94600000000005,65,0,2.27,AO,2022-11-06 20:50:17
366,poum,-20.2333,164.0167,79.484,76,2,2.84,NC,2022-11-06 20:50:18
367,tokur,53.1333,132.9,18.464000000000034,77,100,4.67,RU,2022-11-06 20:50:18
368,lingao,19.9103,109.6859,74.75,82,54,5.9,CN,2022-11-06 20:50:18
369,waingapu,-9.6567,120.2641,87.0260000000001,59,99,3.02,ID,2022-11-06 20:50:19
370,chaplynka,46.3651,33.5403,39.16400000000003,83,98,5.42,UA,2022-11-06 20:50:19
371,bridgetown,13.1,-59.6167,81.08600000000007,83,20,8.23,BB,2022-11-06 20:50:19
372,aswan,24.0934,32.907,65.49800000000002,36,0,2.06,EG,2022-11-06 20:50:20
373,doka,13.5167,35.7667,76.06400000000004,37,5,3.62,SD,2022-11-06 20:50:20
374,indaial,-26.8978,-49.2317,60.602000000000075,95,25,0.64,BR,2022-11-06 20:50:20
375,krasnyy yar,46.5331,48.3456,37.32800000000007,74,90,2.58,RU,2022-11-06 20:50:21
376,peleduy,59.6289,112.7406,24.404000000000053,93,100,2.54,RU,2022-11-06 20:50:21
377,kawalu,-7.3817,108.2082,80.83399999999999,77,100,1.27,ID,2022-11-06 20:50:21
378,ayagoz,47.9714,80.4392,37.508,86,99,1.52,KZ,2022-11-06 20:50:22
379,ust-maya,60.4167,134.5333,-0.8679999999999808,88,99,3.42,RU,2022-11-06 20:50:22
380,najran,17.4924,44.1277,59.648000000000025,36,0,0.46,SA,2022-11-06 20:50:22
381,lindsay,36.203,-119.0882,65.87600000000009,67,95,2.47,US,2022-11-06 20:50:22
382,sosnovo-ozerskoye,52.5249,111.5418,23.432000000000016,83,100,2.82,RU,2022-11-06 20:50:23
383,belen,36.4891,36.2233,58.51400000000003,42,60,1.22,TR,2022-11-06 20:50:23
384,ostersund,63.1792,14.6357,37.61600000000001,100,100,2.68,SE,2022-11-06 20:50:23
385,kuytun,54.3419,101.5036,28.814000000000032,87,97,1.14,RU,2022-11-06 20:50:24
386,upernavik,72.7868,-56.1549,8.888000000000044,74,86,2.71,GL,2022-11-06 20:50:24
387,cidreira,-30.1811,-50.2056,62.74400000000007,80,8,6.01,BR,2022-11-06 20:50:24
388,podor,16.6527,-14.9587,84.16400000000003,11,100,3.69,MR,2022-11-06 20:50:25
389,shihezi,44.3,86.0333,45.878000000000064,49,99,0.57,CN,2022-11-06 20:50:25
390,atar,20.5169,-13.0499,77.70200000000008,15,99,2.48,MR,2022-11-06 20:46:16
391,palmer,42.1584,-72.3287,68.9,73,75,6.69,US,2022-11-06 20:50:25
392,sao jose da coroa grande,-8.8978,-35.1478,75.81200000000005,89,97,1.11,BR,2022-11-06 20:50:26
393,juneau,58.3019,-134.4197,24.8,100,40,3.09,US,2022-11-06 20:50:05
394,mana,5.6592,-53.7767,77.59400000000008,87,100,2.69,GF,2022-11-06 20:50:26
395,vila franca do campo,37.7167,-25.4333,64.81400000000004,80,100,5.29,PT,2022-11-06 20:50:26
396,atikokan,48.7555,-91.6216,29.282000000000018,87,100,6.09,CA,2022-11-06 20:50:27
397,prokopyevsk,53.9059,86.719,29.768000000000086,74,99,4.41,RU,2022-11-06 20:50:27
398,honiara,-9.4333,159.95,84.56000000000009,73,83,3.13,SB,2022-11-06 20:48:51
399,leh,34.1667,77.5833,28.49000000000002,68,100,1.62,IN,2022-11-06 20:50:27
400,askarovo,53.3372,58.5089,25.754000000000055,80,75,1.0,RU,2022-11-06 20:50:27
401,nishihara,26.1842,127.7558,76.28000000000004,69,75,11.0,JP,2022-11-06 20:45:41
402,nome,64.5011,-165.4064,32.07200000000004,86,100,6.69,US,2022-11-06 20:49:22
403,vila velha,-20.3297,-40.2925,69.94400000000007,88,75,2.06,BR,2022-11-06 20:50:28
404,matara,5.9485,80.5353,77.91800000000009,84,60,0.86,LK,2022-11-06 20:50:28
405,rawdon,46.0501,-73.7159,62.13200000000002,76,100,2.27,CA,2022-11-06 20:50:28
406,drayton valley,53.2168,-114.9854,2.3540000000000525,98,100,1.59,CA,2022-11-06 20:50:29
407,labuhan,-6.8844,112.2051,82.34600000000005,72,100,1.65,ID,2022-11-06 20:50:29
408,kisangani,0.5167,25.2,66.7760000000001,99,99,0.87,CD,2022-11-06 20:50:29
409,batemans bay,-35.7167,150.1833,70.10600000000002,59,100,4.85,AU,2022-11-06 20:50:30
410,buguda,19.8167,84.8,71.87000000000006,79,0,1.06,IN,2022-11-06 20:50:30
411,hammerfest,70.6634,23.6821,37.85,93,75,5.14,NO,2022-11-06 20:50:30
412,vitim,59.4511,112.5578,25.10600000000003,92,100,2.55,RU,2022-11-06 20:50:31
413,saint-francois,46.4154,3.9054,49.44199999999999,81,100,2.06,FR,2022-11-06 20:50:31
414,antigonish,45.6169,-61.9986,65.55200000000008,88,100,1.79,CA,2022-11-06 20:50:31
415,palauig,15.435,119.9045,85.02800000000006,64,44,1.69,PH,2022-11-06 20:50:32
416,viedma,-40.8135,-62.9967,66.47000000000006,50,6,6.13,AR,2022-11-06 20:50:32
417,chumikan,54.7183,135.315,28.202000000000076,67,98,10.98,RU,2022-11-06 20:50:32
418,planaltina,-15.4528,-47.6142,66.25400000000005,71,17,0.83,BR,2022-11-06 20:50:32
419,cassilandia,-19.1133,-51.7342,70.08800000000005,45,1,3.26,BR,2022-11-06 20:50:33
420,andenes,69.3143,16.1194,39.182000000000016,75,100,5.66,NO,2022-11-06 20:50:33
421,ewa beach,21.3156,-158.0072,85.94600000000005,56,20,7.2,US,2022-11-06 20:50:33
422,ulaangom,49.9811,92.0667,25.82600000000009,85,93,0.97,MN,2022-11-06 20:50:34
423,ust-nera,64.5667,143.2,-10.029999999999937,95,71,0.97,RU,2022-11-06 20:50:34
424,dasoguz,41.8363,59.9666,44.54600000000005,93,100,4.12,TM,2022-11-06 20:50:34
425,bombay,19.0144,72.8479,75.18200000000002,69,100,1.54,IN,2022-11-06 20:50:12
426,northam,51.0333,-4.2167,53.61800000000009,93,100,8.67,GB,2022-11-06 20:50:35
427,tigil,57.8,158.6667,22.35200000000008,85,100,0.67,RU,2022-11-06 20:50:35
428,zakamensk,50.3741,103.2863,26.744000000000074,68,100,1.31,RU,2022-11-06 20:50:35
429,norden,53.6,7.2,51.944000000000074,97,97,1.79,DE,2022-11-06 20:50:35
430,skibbereen,51.55,-9.2667,54.391999999999996,92,100,11.98,IE,2022-11-06 20:50:36
431,port lincoln,-34.7333,135.8667,74.10200000000007,49,3,6.39,AU,2022-11-06 20:50:36
432,santarem,-2.4431,-54.7083,75.32600000000009,100,40,1.03,BR,2022-11-06 20:50:36
433,sobolevo,54.4299,31.8996,35.36600000000001,99,100,3.02,RU,2022-11-06 20:50:37
434,khislavichi,54.1871,32.1582,35.492,98,100,3.41,RU,2022-11-06 20:50:37
435,bereda,43.2686,-7.5406,54.41000000000008,92,99,3.52,ES,2022-11-06 20:50:37
436,anchorage,61.2181,-149.9003,19.454000000000054,64,0,0.45,US,2022-11-06 20:48:00
437,makushino,55.2103,67.2442,18.914000000000033,97,95,2.84,RU,2022-11-06 20:50:37
438,dunedin,-45.8742,170.5036,62.79800000000002,60,26,1.34,NZ,2022-11-06 20:50:38
439,airai,-8.9266,125.4092,74.066,52,100,0.74,TL,2022-11-06 20:50:38
440,cabedelo,-6.9811,-34.8339,79.46600000000001,78,25,4.55,BR,2022-11-06 20:50:38
441,lunenburg,44.3835,-64.3155,64.49000000000002,91,100,7.72,CA,2022-11-06 20:50:39
442,san patricio,28.017,-97.5169,78.908,88,4,5.12,US,2022-11-06 20:50:39
443,balykshi,47.0667,51.8667,35.6,80,75,6.0,KZ,2022-11-06 20:50:39
444,solton,52.8429,86.4787,30.05600000000003,75,82,2.68,RU,2022-11-06 20:50:40
445,langres,47.8333,5.3333,49.19000000000002,93,98,5.09,FR,2022-11-06 20:50:40
446,tuatapere,-46.1333,167.6833,61.64600000000005,55,71,4.39,NZ,2022-11-06 20:50:40
447,ola,59.5833,151.2833,26.15,71,100,6.15,RU,2022-11-06 20:50:40
448,igrim,63.1906,64.4162,12.164000000000033,97,36,1.44,RU,2022-11-06 20:50:41
449,nuuk,64.1835,-51.7216,20.87600000000009,57,0,7.6,GL,2022-11-06 20:50:41
450,ishigaki,24.3448,124.1572,77.12600000000009,69,75,7.72,JP,2022-11-06 20:50:42
451,campbell river,50.0163,-125.2446,36.932000000000016,100,100,2.06,CA,2022-11-06 20:50:42
452,qasigiannguit,68.8193,-51.1922,-1.4079999999999515,95,34,2.84,GL,2022-11-06 20:50:42
453,yulara,-25.2406,130.9889,87.63800000000005,19,12,7.72,AU,2022-11-06 20:50:43
454,inhambane,-23.865,35.3833,74.21000000000008,90,20,2.07,MZ,2022-11-06 20:50:43
455,hope,33.6671,-93.5916,71.65400000000005,91,100,1.91,US,2022-11-06 20:50:43
456,lompoc,34.6391,-120.4579,60.944000000000074,80,0,3.6,US,2022-11-06 20:50:43
457,tual,-5.6667,132.75,84.23600000000008,71,100,3.63,ID,2022-11-06 20:50:44
458,broome,42.2506,-75.833,69.85400000000006,85,75,4.63,US,2022-11-06 20:50:44
459,mae sai,20.4335,99.8762,73.38200000000002,60,0,0.46,TH,2022-11-06 20:50:44
460,shumskiy,54.8318,99.1328,34.57400000000001,89,100,0.59,RU,2022-11-06 20:50:45
461,bekwai,6.4534,-1.5774,70.53800000000004,99,44,0.86,GH,2022-11-06 20:50:45
462,mangaldai,26.4333,92.0333,69.24199999999999,81,0,2.43,IN,2022-11-06 20:50:45
463,taoudenni,22.6783,-3.9836,74.94800000000002,15,52,4.24,ML,2022-11-06 20:50:45
464,samarai,-10.6167,150.6667,84.23600000000008,72,100,3.95,PG,2022-11-06 20:50:46
465,getulio vargas,-32.6796,-53.5494,56.768000000000086,88,0,3.46,UY,2022-11-06 20:50:46
466,berlevag,70.8578,29.0864,35.6,80,20,6.17,NO,2022-11-06 20:50:46
467,marijampole,54.5667,23.35,37.76000000000008,91,100,3.22,LT,2022-11-06 20:50:47
468,qaqortoq,60.7167,-46.0333,28.202000000000076,95,90,1.37,GL,2022-11-06 20:50:47
469,imeni poliny osipenko,52.4201,136.4853,28.220000000000063,62,100,3.69,RU,2022-11-06 20:50:47
470,charyshskoye,51.3978,83.5598,30.470000000000063,92,85,0.35,RU,2022-11-06 20:50:48
471,san andres,12.5847,-81.7006,78.81800000000008,89,75,1.54,CO,2022-11-06 20:50:48
472,bima,-8.4667,118.7167,88.82600000000009,61,100,0.83,ID,2022-11-06 20:50:48
473,azad shahr,34.7909,48.5707,30.68600000000007,47,0,1.03,IR,2022-11-06 20:50:48
474,yerbogachen,61.2767,108.0108,17.168000000000085,96,100,1.8,RU,2022-11-06 20:50:49
475,mogadishu,2.0371,45.3438,77.25200000000008,84,36,3.47,SO,2022-11-06 20:50:49
476,chabahar,25.2919,60.643,78.98000000000005,77,0,3.11,IR,2022-11-06 20:50:49
477,port arthur,38.8,121.2667,59.21600000000001,56,66,4.46,CN,2022-11-06 20:50:50
478,bilma,18.6853,12.9164,68.93600000000006,22,3,3.11,NE,2022-11-06 20:46:23
479,kahului,20.8947,-156.47,89.61800000000008,59,20,10.29,US,2022-11-06 20:50:50
480,maldonado,-34.6667,-54.9167,60.188000000000045,94,0,3.76,UY,2022-11-06 20:50:50
481,alice springs,-23.7,133.8833,90.95,7,7,6.17,AU,2022-11-06 20:50:51
482,tieli,46.95,128.05,37.52600000000009,48,23,2.05,CN,2022-11-06 20:50:51
483,bilibino,68.0546,166.4372,2.2640000000000313,96,65,1.77,RU,2022-11-06 20:50:51
484,vega de alatorre,20.0333,-96.6333,77.07200000000003,87,4,1.28,MX,2022-11-06 20:50:52
485,nouadhibou,20.931,-17.0347,69.78200000000001,68,0,4.12,MR,2022-11-06 20:50:52
486,ambagarh chauki,20.7833,80.7167,68.558,67,62,0.46,IN,2022-11-06 20:50:52
487,kalikapur,22.6167,86.2833,67.892,68,1,1.38,IN,2022-11-06 20:50:52
488,samfya,-11.3649,29.5565,69.22400000000002,81,98,2.05,ZM,2022-11-06 20:50:53
489,xian,34.2583,108.9286,64.90400000000005,64,75,1.14,CN,2022-11-06 20:50:53
490,sinnar,13.5691,33.5672,80.042,28,3,6.81,SD,2022-11-06 20:47:13
491,fairhope,30.523,-87.9033,73.67000000000006,84,0,0.45,US,2022-11-06 20:50:53
492,waddan,29.1614,16.139,58.19000000000002,66,0,2.81,LY,2022-11-06 20:50:54
493,pailon,-17.65,-62.75,74.3,33,0,1.74,BO,2022-11-06 20:50:54
494,muzhi,65.3667,64.6667,18.32000000000006,92,94,1.99,RU,2022-11-06 20:50:54
495,sao joao da barra,-21.6403,-41.0511,67.24400000000007,75,3,2.67,BR,2022-11-06 20:50:54
496,tabuk,17.4189,121.4443,81.24800000000002,77,35,1.41,PH,2022-11-06 20:50:55
497,santo antonio do leverger,-15.8656,-56.0767,80.97800000000007,35,0,1.77,BR,2022-11-06 20:50:55
498,acapulco,16.8634,-99.8901,80.38399999999999,85,8,2.88,MX,2022-11-06 20:47:34
499,mitsamiouli,-11.3847,43.2844,77.0,83,10,6.12,KM,2022-11-06 20:50:55
500,mnogovershinnyy,53.9353,139.9242,20.894000000000073,70,89,3.91,RU,2022-11-06 20:50:56
501,huaiyuan,32.973,117.1995,67.06400000000004,33,0,0.78,CN,2022-11-06 20:50:56
502,ribeirao branco,-24.2208,-48.7656,50.774000000000015,95,42,3.23,BR,2022-11-06 20:50:56
503,haines junction,60.7522,-137.5108,8.54600000000005,61,3,1.03,CA,2022-11-06 20:50:57
504,bathsheba,13.2167,-59.5167,81.21200000000006,83,20,8.23,BB,2022-11-06 20:50:57
505,boa vista,2.8197,-60.6733,75.18200000000002,88,40,0.0,BR,2022-11-06 20:50:57
506,moreira sales,-24.0622,-53.0069,61.03399999999999,64,28,2.8,BR,2022-11-06 20:50:58
507,bethanien,-26.502,17.1583,65.89400000000008,54,90,2.47,NA,2022-11-06 20:50:58
508,balabac,7.9868,117.0645,83.46200000000006,76,56,2.7,PH,2022-11-06 20:50:58
509,dharmadam,11.7833,75.4333,75.88399999999999,83,75,2.14,IN,2022-11-06 20:50:58
510,hami,42.8,93.45,50.46800000000009,23,100,0.29,CN,2022-11-06 20:50:59
511,katherine,-14.4667,132.2667,93.52400000000002,43,40,1.54,AU,2022-11-06 20:50:59
512,malchevskaya,49.0552,40.3625,31.31600000000001,78,25,2.26,RU,2022-11-06 20:50:59
513,benton harbor,42.1167,-86.4542,56.102000000000075,74,0,4.63,US,2022-11-06 20:51:00
514,moose factory,51.2585,-80.6094,35.6,93,100,1.03,CA,2022-11-06 20:51:00
515,havelock,34.8791,-76.9013,71.924,94,0,0.0,US,2022-11-06 20:51:00
516,talnakh,69.4865,88.3972,22.1,97,100,2.94,RU,2022-11-06 20:51:01
517,olafsvik,64.8945,-23.7142,41.288000000000046,70,0,5.8,IS,2022-11-06 20:51:01
518,tiarei,-17.5333,-149.3333,75.21800000000009,92,100,11.23,PF,2022-11-06 20:51:01
519,beringovskiy,63.05,179.3167,30.50600000000003,97,100,0.53,RU,2022-11-06 20:51:01
520,gundlupet,11.8,76.6833,66.16400000000003,91,42,0.92,IN,2022-11-06 20:51:02
521,azare,11.6765,10.1948,70.592,22,82,3.09,NG,2022-11-06 20:51:02
522,maniitsoq,65.4167,-52.9,16.466000000000008,64,0,3.65,GL,2022-11-06 20:51:03
523,san policarpo,12.1791,125.5072,84.02000000000007,77,100,3.04,PH,2022-11-06 20:51:04
524,kupang,-10.1667,123.5833,90.17600000000009,66,20,1.54,ID,2022-11-06 20:51:05
525,black river,18.0264,-77.8487,77.27000000000007,72,34,1.2,JM,2022-11-06 20:51:05
526,guanica,17.9716,-66.908,80.042,90,100,0.71,PR,2022-11-06 20:51:06
527,malabo,3.75,8.7833,78.65600000000003,94,20,0.51,GQ,2022-11-06 20:46:45
528,harper,4.375,-7.7169,76.67600000000009,88,24,2.0,LR,2022-11-06 20:51:06
529,vardo,70.3705,31.1107,31.982000000000017,80,20,4.63,NO,2022-11-06 20:51:06
530,san pawl il-bahar,35.9506,14.4156,67.06400000000004,82,20,3.6,MT,2022-11-06 20:51:07
531,goundi,9.3627,17.366,72.03200000000001,41,49,2.2,TD,2022-11-06 20:51:07
532,luderitz,-26.6481,15.1594,60.854000000000056,89,100,2.02,NA,2022-11-06 20:51:07
533,mayo,38.8876,-76.5119,72.5,88,100,5.14,US,2022-11-06 20:51:08
534,yar-sale,66.8333,70.8333,25.61000000000008,96,100,2.39,RU,2022-11-06 20:51:08
535,namie,37.4833,141.0,62.978000000000065,56,99,2.79,JP,2022-11-06 20:51:08
536,kloulklubed,7.0419,134.2556,83.73200000000001,72,63,1.6,PW,2022-11-06 20:51:09
537,ribera,37.4984,13.2642,57.65,81,21,2.75,IT,2022-11-06 20:51:09
538,abu samrah,35.3029,37.1841,62.024000000000015,38,2,4.28,SY,2022-11-06 20:51:10
539,mount isa,-20.7333,139.5,85.766,39,0,4.63,AU,2022-11-06 20:51:10
540,kasamwa,-2.85,32.4333,68.07200000000003,80,100,1.48,TZ,2022-11-06 20:51:10
541,bulungu,-4.55,18.6,67.1,98,100,0.83,CD,2022-11-06 20:51:11
542,uniontown,39.9001,-79.7164,70.142,95,50,2.47,US,2022-11-06 20:51:11
543,sri aman,1.2376,111.4621,82.45400000000005,78,20,2.24,MY,2022-11-06 20:51:11
544,rocha,-34.4833,-54.3333,53.52800000000006,95,0,2.83,UY,2022-11-06 20:50:55
545,koungou,-12.7336,45.2042,76.71200000000006,83,20,2.06,YT,2022-11-06 20:51:12
546,kabelvag,68.2114,14.4817,35.61800000000009,72,12,4.24,NO,2022-11-06 20:51:12
547,akhtanizovskaya,45.32,37.1,37.86800000000009,75,97,10.27,RU,2022-11-06 20:51:13
548,mackenzie,55.2999,-123.1698,7.016000000000009,47,100,8.75,CA,2022-11-06 20:51:13
549,wad madani,14.4012,33.5199,79.17800000000007,28,3,5.47,SD,2022-11-06 20:51:13
550,kirpilskaya,45.377,39.6931,37.4,75,0,7.08,RU,2022-11-06 20:51:14
551,nuqui,5.7125,-77.2708,76.28000000000004,88,100,1.03,CO,2022-11-06 20:51:14
552,palestine,31.9216,35.2033,58.94600000000005,93,14,1.39,PS,2022-11-06 20:51:15
553,funchal,32.6333,-16.9,68.72000000000006,89,20,2.06,PT,2022-11-06 20:50:13
554,edeia,-17.3383,-49.9314,76.58600000000007,35,57,2.59,BR,2022-11-06 20:51:15
555,meulaboh,4.1363,96.1285,80.72600000000008,76,99,1.95,ID,2022-11-06 20:51:15
556,luchegorsk,46.4764,134.2569,37.47200000000004,48,67,2.05,RU,2022-11-06 20:51:16
557,hay river,60.8156,-115.7999,10.382000000000016,72,75,7.72,CA,2022-11-06 20:51:16
558,lovozero,68.005,35.0117,24.170000000000062,93,86,1.59,RU,2022-11-06 20:51:16
559,deori khas,23.4,79.0167,68.28800000000004,66,12,0.66,IN,2022-11-06 20:51:17
560,iracoubo,5.4802,-53.2011,77.28800000000004,87,100,3.09,GF,2022-11-06 20:51:17
561,fare,-16.7,-151.0167,77.43200000000002,82,100,10.48,PF,2022-11-06 20:51:17
562,charleston,32.7766,-79.9309,72.01400000000004,93,20,2.57,US,2022-11-06 20:51:18
563,vaitape,-16.5167,-151.75,77.59400000000008,80,100,8.82,PF,2022-11-06 20:51:18
